Question,Answer
"Explain the purpose of SQL JOIN operations. Provide examples for INNER JOIN, LEFT JOIN, and RIGHT JOIN.","A database is a collection of different tables storing different types of information. The JOIN clause is used when retrieving data from related tables in a database. The SQL JOIN clause is more complex than a simple query that retrieves data from a single table because it retrieves data from multiple tables. The key reasons for using JOIN operations include:

Data Integration: JOINs help integrate data from different tables by combining related information, facilitating a more complete view of the data.

Normalization: By splitting data into multiple tables and using JOINs, we can normalize the database, reducing redundancy and improving data integrity.

Complex Queries: JOINs enable the execution of complex queries that involve data from multiple sources, supporting advanced analysis and reporting.

Efficient Data Retrieval: Instead of making separate queries to each table and then combining the results in application code, JOINs allow for more efficient retrieval of data directly from the database.

Mentioning different types of joins that provide flexibility in combining data from different tables based on specific criteria or conditions:

INNER JOIN:
Returns rows when there is a match in both tables.

LEFT JOIN (or LEFT OUTER JOIN):
Returns all rows from the left table and matching rows from the right table. If there's no match, NULL values are returned for columns from the right table.

RIGHT JOIN (or RIGHT OUTER JOIN):
Returns all rows from the right table and matching rows from the left table. If there's no match, NULL values are returned for columns from the left table.

FULL JOIN (or FULL OUTER JOIN):
Returns all rows when there is a match in either the left or right table. If there's no match, NULL values are returned for columns from the table without a match.

CROSS JOIN:
Returns the Cartesian product of both tables, meaning all possible combinations of rows. It doesn't require a specific condition to join.

SELF JOIN:
Joins a table with itself. Useful when comparing rows within the same table.
These JOIN types provide flexibility in combining data from different tables based on specific criteria or conditions.

Here are explanations and examples for INNER JOIN, LEFT JOIN, and RIGHT JOIN:

INNER JOIN:
Inner JOINs combine two tables based on a shared key. For example, if you had a table with a column called ""user id"" and each user id was unique to a user, you could join that table to another table with a ""user id"" column to find the information associated with each user. This  example shows how to use an Inner JOIN clause to join two tables:

SELECT * FROM table1 INNER JOIN table2 ON table1.id = table2.id;


LEFT JOIN (or LEFT OUTER JOIN):
Left JOINs return all rows from the first table and only the rows in the second table that match. This example shows how to use a Left Outer JOIN clause to join two tables:

SELECT * FROM table1 LEFT OUTER JOIN table2  ON table1.id = table2.user_id

RIGHT JOIN (or RIGHT OUTER JOIN):
Right JOINs are logically the opposite of Left JOINsâ€”they return all rows from the second table, and only the rows in the first table that match. This example shows how to use a Right Outer JOIN clause to join two tables:

SELECT * FROM table1  RIGHT OUTER JOIN table2 ON table1.id = table2.user_id

DRAW diagrams of inner left right and full outer"
"Explain the purpose of SQL JOIN operations and discuss the advantages of using them in database queries. Provide an example of an OUTER JOIN operation, along with its use case.","A database is a collection of different tables storing different types of information. The JOIN clause is used when retrieving data from related tables in a database. The SQL JOIN clause is more complex than a simple query that retrieves data from a single table because it retrieves data from multiple tables. The key reasons for using JOIN operations include:

Data Integration: JOINs help integrate data from different tables by combining related information, facilitating a more complete view of the data.

Normalization: By splitting data into multiple tables and using JOINs, we can normalize the database, reducing redundancy and improving data integrity.

Complex Queries: JOINs enable the execution of complex queries that involve data from multiple sources, supporting advanced analysis and reporting.

Efficient Data Retrieval: Instead of making separate queries to each table and then combining the results in application code, JOINs allow for more efficient retrieval of data directly from the database.

Mentioning different types of joins that provide flexibility in combining data from different tables based on specific criteria or conditions:

INNER JOIN:
Returns rows when there is a match in both tables.

LEFT JOIN (or LEFT OUTER JOIN):
Returns all rows from the left table and matching rows from the right table. If there's no match, NULL values are returned for columns from the right table.

RIGHT JOIN (or RIGHT OUTER JOIN):
Returns all rows from the right table and matching rows from the left table. If there's no match, NULL values are returned for columns from the left table.

FULL JOIN (or FULL OUTER JOIN):
Returns all rows when there is a match in either the left or right table. If there's no match, NULL values are returned for columns from the table without a match.

CROSS JOIN:
Returns the Cartesian product of both tables, meaning all possible combinations of rows. It doesn't require a specific condition to join.

SELF JOIN:
Joins a table with itself. Useful when comparing rows within the same table.
These JOIN types provide flexibility in combining data from different tables based on specific criteria or conditions.

advantages:
The advantage of a join includes that it executes faster.
The retrieval time of the query using joins almost always will be faster than that of a subquery.
By using joins, you can minimize the calculation burden on the database i.e., instead of multiple queries using one join query. This means you can make better use of the databaseâ€™s abilities to search through, filter, sort, etc.

We use the SQL OUTER JOIN to match rows between tables. We might want to get match rows along with unmatched rows as well from one or both of the tables. We have the following three types of SQL OUTER JOINS.

SQL Full Outer Join
SQL Left Outer Join
SQL Right Outer Join

Use Case:
In an online store, not every customer may have made a purchase yet. Using a LEFT OUTER JOIN helps retrieve information about all customers, including those who haven't placed any orders.

The result of this query will include all rows from the customers table, and for each customer, it will display the associated order information if there is a match. If a customer hasn't made any purchases, the columns from the orders table will contain NULL values, indicating the absence of a matching order.

Tables:
customers: Contains information about customers.
orders: Contains information about customer orders.

SELECT customers.customer_id, customers.customer_name, orders.order_id, orders.product_name
FROM customers
LEFT JOIN orders ON customers.customer_id = orders.customer_id;"
What is a self-join in SQL? Provide an example and describe a scenario where a self-join is useful.,"A Self Join is a type of a JOIN query used to compare rows within the same table. Unlike other SQL JOIN queries that join two or more tables, a self join joins a table to itself. To use a self join, a table must have a unique identifier column, a parent column, and a child column.

Circumstances for a Self-Join:
1.Hierarchical Data:
In scenarios where you have hierarchical data stored in a table, such as an organizational chart where employees report to other employees, a self-join can be used to retrieve information about both managers and their direct reports.
2.Networks and Relationships:
When dealing with networks or relationships between entities in the same table, a self-join can help identify connections and relationships.
3.Comparisons within the Same Entity:
â€¢If you need to compare records within the same entity based on certain criteria, a self-join can be handy.

Example of Self-Join:
Suppose you have an organizational chart stored in a table named employees with columns like employee_id and manager_id, where manager_id refers to the employee_id of the employee's manager. You want to retrieve a list of employees along with the names of their managers.

SELECT e.employee_id, e.employee_name, m.employee_name AS manager_name
FROM employees e
JOIN employees m ON e.manager_id = m.employee_id;

Scenario:
In this scenario, a self-join is useful when you want to create a report showing each employee and their corresponding manager within the same table.

Consider an organizational structure where employees report to other employees within the same company. The employees table represents this hierarchy, with each employee having a unique employee_id and a reference to their manager's employee_id in the manager_id column.

By performing a self-join on the employees table, you can connect each employee to their manager. The query retrieves the employee_id and employee_name for each employee and the employee_name of their manager, creating a clear hierarchy."
"What is a self-join in SQL, and under what circumstances might you encounter a self-join in real-world databases? Provide an example of a self-join query.","same as the previous one
Circumstances for a Self-Join:
1.	Hierarchical Data:
â€¢	In scenarios where you have hierarchical data stored in a table, such as an organizational chart where employees report to other employees, a self-join can be used to retrieve information about both managers and their direct reports.
2.	Networks and Relationships:
â€¢	When dealing with networks or relationships between entities in the same table, a self-join can help identify connections and relationships.
3.	Comparisons within the Same Entity:
â€¢	If you need to compare records within the same entity based on certain criteria, a self-join can be handy."
"Define the first three Normal Forms (1NF, 2NF, 3NF) in database normalization. Provide examples to illustrate each form.","Normalization is the process to eliminate data redundancy and enhance data integrity in the table. Normalization also helps to organize the data in the database. It is a multi-step process that sets the data into tabular form and removes the duplicated data from the relational tables.

1st Normal Form (1NF)
A table is referred to as being in its First Normal Form if atomicity of the table is 1.
Here, atomicity states that a single cell cannot hold multiple values. It must hold only a single-valued attribute.
The First normal form disallows the multi-valued attribute, composite attribute, and their combinations.
Now you will understand the First Normal Form with the help of an example.

Below is a studentsâ€™ record table that has information about student roll number, student name, student course, and age of the student.

  TABLE

In the studentsrecord table, you can see that the course column has two values. Thus it does not follow the First Normal Form. Now, if you use the First Normal Form to the above table, you get the below table as a result.

  TABLE

By applying the First Normal Form, you achieve atomicity, and also every column has unique values.

Before proceeding with the Second Normal Form, get familiar with Candidate Key and Super Key.

Candidate Key
A candidate key is a set of one or more columns that can identify a record uniquely in a table, and YOU can use each candidate key as a Primary Key.

Now, letâ€™s use an example to understand this better.
	DIAGRAM

Super Key
Super key is a set of over one key that can identify a record uniquely in a table, and the Primary Key is a subset of Super Key.

Letâ€™s understand this with the help of an example.
	DIAGRAM

Second Normal Form (2NF)
The first condition for the table to be in Second Normal Form is that the table has to be in First Normal Form. The table should not possess partial dependency. The partial dependency here means the proper subset of the candidate key should give a non-prime attribute.

Now understand the Second Normal Form with the help of an example.

Consider the table Location:
	DIAGRAM

The Location table possesses a composite primary key cust_id, storeid. The non-key attribute is store_location. In this case, store_location only depends on storeid, which is a part of the primary key. Hence, this table does not fulfill the second normal form.

To bring the table to Second Normal Form, you need to split the table into two parts. This will give you the below tables:
	DIAGRAM
	DIAGRAM

As you have removed the partial functional dependency from the location table, the column store_location entirely depends on the primary key of that table, storeid.

Third Normal Form (3NF)
The first condition for the table to be in Third Normal Form is that the table should be in the Second Normal Form.
The second condition is that there should be no transitive dependency for non-prime attributes, which indicates that non-prime attributes (which are not a part of the candidate key) should not depend on other non-prime attributes in a table. Therefore, a transitive dependency is a functional dependency in which A â†’ C (A determines C) indirectly, because of A â†’ B and B â†’ C (where it is not the case that B â†’ A).
The third Normal Form ensures the reduction of data duplication. It is also used to achieve data integrity.
Below is a student table that has student id, student name, subject id, subject name, and address of the student as its columns.
	DIAGRAM
In the above student table, stu_id determines subid, and subid determines sub. Therefore, stu_id determines sub via subid. This implies that the table possesses a transitive functional dependency, and it does not fulfill the third normal form criteria.

Now to change the table to the third normal form, you need to divide the table as shown below:
	DIAGRAM
	DIAGRAM
As you can see in both the tables, all the non-key attributes are now fully functional, dependent only on the primary key. In the first table, columns name, subid, and addresses only depend on stu_id. In the second table, the sub only depends on subid."
Define the concept of the Fourth Normal Form (4NF) in the context of database normalization. Provide an example that illustrates a 4NF-compliant table.,"A relation will be in 4NF if it is in Boyce Codd normal form and has no multi-valued dependency.
For a dependency A â†’ B, if for a single value of A, multiple values of B exists, then the relation will be a multi-valued dependency.

example:
student
STU_ID	COURSE	HOBBY
21	Computer	Dancing
21	Math	Singing
34	Chemistry	Dancing
74	Biology	Cricket
59	Physics	Hockey

The given STUDENT table is in 3NF, but the COURSE and HOBBY are two independent entity. Hence, there is no relationship between COURSE and HOBBY.

In the STUDENT relation, a student with STU_ID, 21 contains two courses, Computer and Math and two hobbies, Dancing and Singing. So there is a Multi-valued dependency on STU_ID, which leads to unnecessary repetition of data.

So to make the above table into 4NF, we can decompose it into two tables:

STUDENT_COURSE

STU_ID	COURSE
21	Computer
21	Math
34	Chemistry
74	Biology
59	Physics

STUDENT_HOBBY

STU_ID	HOBBY
21	Dancing
21	Singing
34	Dancing
74	Cricket
59	Hockey"
Describe the differences between Boyce-Codd Normal Form (BCNF) and Fourth Normal Form (4NF) in the context of database design. Explain with an example.,"BCNF	4NF

A relation in BCNF must also be in 3NF.	A relation in 4NF must also be in Boyce Codd Normal Form (BCNF).
A relation in BCNF may have multi-valued dependency. A relation in 4NF must not have any multi-valued dependency.
A relation in BCNF may or may not be in 4NF. A relation in 4NF is always in BCNF.
BCNF is less stronger in comparison to 4NF.	4NF is more stronger in comparison to BCNF.
If a relation is in BCNF then it will have more redundancy as compared to 4NF.	If a relation is in 4NF then it will have less redundancy as compared to BCNF.
If a relation is in BCNF then all redundancy based on functional dependency has been removed.	If a relation is in 4NF then all redundancy based on functional dependency as well as multi-valued dependency has been removed.
For a relation, number of tables in BCNF is less than or equal to number of tables in 4NF.	For a relation, number of tables in 4NF is greater than or equal to number of tables in BCNF.
Dependency preserving is hard to achieve in BCNF.	Dependency preserving is more hard to achieve in 4NF as compared to BCNF.
In real world database designing, generally 3NF or BCNF is preferred.	In real world database designing, generally 4NF is not preferred by database designer.
A relation in BCNF may contain multi-valued as well as join dependency.	A relation in 4NF may only contain join dependency."
"What is BCNF (Boyce-Codd Normal Form), and how does it differ from 3NF? Explain with an example.","Boyce Codd Normal Form is also known as 3.5 NF. It is the superior version of 3NF and was developed by Raymond F. Boyce and Edgar F. Codd to tackle certain types of anomalies which were not resolved with 3NF.

The first condition for the table to be in Boyce Codd Normal Form is that the table should be in the third normal form. Secondly, every Right-Hand Side (RHS) attribute of the functional dependencies should depend on the super key of that particular table.

For example :

You have a functional dependency X â†’ Y. In the particular functional dependency, X has to be the part of the super key of the provided table.

consider the below subject table:
	DIAGRAM

The subject table follows these conditions:

Each student can enroll in multiple subjects.
Multiple professors can teach a particular subject.
For each subject, it assigns a professor to the student.
In the above table, student_id and subject together form the primary key because using student_id and subject; you can determine all the table columns.

Another important point to be noted here is that one professor teaches only one subject, but one subject may have two professors.

Which exhibit there is a dependency between subject and professor, i.e. subject depends on the professor's name.

The table is in 1st Normal form as all the column names are unique, all values are atomic, and all the values stored in a particular column are of the same domain.

The table also satisfies the 2nd Normal Form, as there is no Partial Dependency.

And, there is no Transitive Dependency; hence, the table also satisfies the 3rd Normal Form.

This table follows all the Normal forms except the Boyce Codd Normal Form.

As you can see stuid, and subject forms the primary key, which means the subject attribute is a prime attribute.

However, there exists yet another dependency - professor â†’ subject.

BCNF does not follow in the table as a subject is a prime attribute, the professor is a non-prime attribute.

To transform the table into the BCNF, you will divide the table into two parts. One table will hold stuid which already exists and the second table will hold a newly created column profid.
	DIAGRAM
And in the second table will have the columns profid, subject, and professor, which satisfies the BCNF.
	DIAGRAM

Boyce-Codd Normal Form (BCNF) is a higher level of database normalization, stricter than Third Normal Form (3NF). It addresses a specific type of redundancy that can occur in 3NF relations, known as transitive dependencies. Transitive dependencies occur when there are non-prime attributes that are indirectly dependent on the primary key through another attribute.
3NF states that every non-prime attribute in a relation is directly dependent on the primary key. However, it does not eliminate the possibility of transitive dependencies.
BCNF addresses this issue by requiring that every non-prime attribute in a relation is directly dependent on all candidate keys. A candidate key is a minimal set of attributes that uniquely identify all the rows in a relation.
In simpler terms, BCNF ensures that no non-prime attribute is dependent on another non-prime attribute. This helps to reduce redundancy and improve data integrity in a database.
Example:
Consider a relation named EMPLOYEES with the following attributes:
EMP_ID (primary key)
EMP_NAME
DEPT_ID
DEPT_NAME
This relation is in 3NF because every non-prime attribute (EMP_NAME and DEPT_NAME) is directly dependent on the primary key (EMP_ID). However, there is a transitive dependency between DEPT_ID and EMP_NAME. This means that EMP_NAME is indirectly dependent on EMP_ID through DEPT_ID.
To eliminate this transitive dependency, we can further normalize the relation by dividing it into two relations:
EMPLOYEES
EMP_ID (primary key)
EMP_NAME

DEPARTMENTS
DEPT_ID (primary key)
DEPT_NAME
This decomposition eliminates the transitive dependency and ensures that the relation is in BCNF."
"Discuss the importance of indexing in a database system. Explain how indexing can optimize queries, particularly for large datasets.","Indexing is a crucial technique in database management systems (DBMS) that significantly enhances data retrieval performance, especially for large datasets. It serves as a directory or roadmap for locating specific data within a table without having to scan through the entire table, reducing the time and resources required to execute queries.
And
In the context of a database, an index is a specialized data structure that improves the speed of data retrieval operations on a database table. It acts as a pointer or roadmap, allowing the database system to quickly locate specific pieces of information without having to scan through the entire table. This significantly reduces the time and resources required to execute queries, especially for large datasets.
Imagine a database table as a large library with books arranged by author name. Without an index, finding a specific book would require searching through every bookshelf, shelf by shelf. With an index, the librarian can quickly locate the book's location based on the author's name, saving time and effort.
Similarly, indexes in databases work by maintaining a separate data structure that maps specific values of one or more columns to the corresponding rows in the table. This mapping allows the database syste

Optimizing Queries with Indexing:
1.	Efficient Data Retrieval: Indexes act as pointers, enabling the database system to quickly identify the exact location of the desired data, eliminating the need to examine every row in the table. This reduces the number of disk I/O operations, leading to faster query execution.
2.	Reduced Query Response Time: By minimizing the amount of data that needs to be processed, indexing significantly improves the response time of queries, especially for complex queries that involve filtering, sorting, or joining data from multiple tables.
3.	Improved Scalability: As the size of a dataset grows, indexing becomes even more critical. Without indexing, query performance degrades rapidly as the database grows, but with proper indexing, queries can continue to execute efficiently even with large datasets.
4.	Reduced Server Load: Indexing minimizes the amount of data that the database server needs to process, reducing the overall load on the server. This frees up resources for other tasks, ensuring overall system responsiveness.
5.	Optimized Sorting and Joining: Indexes are particularly beneficial for queries that involve sorting or joining data from multiple tables. They allow the optimizer to efficiently identify the relevant data and perform the operations in a more organized manner.
Effectiveness of Indexing for Large Datasets:
Indexing is especially effective for large datasets because it allows the database system to avoid scanning through vast amounts of data. As the dataset grows, the benefits of indexing become even more pronounced.
For instance, consider a table containing millions of customer records. Without indexing, a query to find a specific customer by their phone number would require scanning through every record, a time-consuming and inefficient process. With indexing, the database can quickly identify the relevant customer record, significantly improving query performance.
In conclusion, indexing plays a pivotal role in optimizing database performance, particularly for large datasets. It reduces query response time, improves scalability, and enhances overall system responsiveness. By efficiently directing the database to the desired data, indexing ensures that queries are executed quickly and efficiently, even for massive datasets."
Describe what an index is in the context of a database. How does indexing improve query performance?,same as above
11.	Explain the differences between a unique index and a unique constraint in a relational database. Provide an example for each.,"In a relational database, a unique index and a unique constraint are both mechanisms for ensuring that no duplicate values exist in a given column or set of columns. However, they differ in their implementation and scope:
Unique Index:
A unique index is a physical structure that is stored in the database and acts as a guide for quickly locating specific data values. It maintains a mapping between the values of the indexed column(s) and the corresponding rows in the table. This mapping allows the database system to efficiently identify and prevent duplicate entries during data insertion or updates.
Example:
Consider a table named EMPLOYEES with the following columns:
EMP_ID (primary key)
EMP_NAME
EMAIL_ADDRESS
To ensure that no employee has the same email address, a unique index can be created on the EMAIL_ADDRESS column:
SQL
CREATE UNIQUE INDEX IX_EMPLOYEES_EMAIL ON EMPLOYEES (EMAIL_ADDRESS);
This index will prevent any attempt to insert a new employee record with an existing email address, maintaining the uniqueness of email addresses among employees.
Unique Constraint:
A unique constraint is a logical rule that is enforced by the database system to ensure data integrity. It specifies that no duplicate values can exist in a given column or set of columns. Unlike a unique index, a unique constraint does not explicitly create a physical index structure. Instead, it relies on the database system's mechanisms to enforce the uniqueness rule.
Example:
Consider a table named COURSES with the following columns:
COURSE_ID (primary key)
COURSE_NAME
INSTRUCTOR_ID
To ensure that no two courses have the same name, a unique constraint can be defined on the COURSE_NAME column:
SQL
ALTER TABLE COURSES
ADD CONSTRAINT UNIQUE_COURSE_NAME UNIQUE (COURSE_NAME);
This constraint will prevent any attempt to insert a new course record with an existing course name, maintaining the uniqueness of course names.
Key Differences:
1.	Implementation: A unique index is a physical structure, while a unique constraint is a logical rule.
2.	Index Structure: A unique index maintains a mapping between values and rows, while a unique constraint does not.
3.	Enforcement Mechanism: A unique index enforces uniqueness through its structure, while a unique constraint relies on the database system's mechanisms.
4.	Performance: A unique index can improve query performance by providing a faster way to locate specific data values.
5.	Scope: A unique index can be defined on multiple columns, while a unique constraint is typically defined on a single column or a set of non-key columns.
In general, both unique indexes and unique constraints serve the same purpose of maintaining data integrity by preventing duplicate values. The choice between the two depends on the specific requirements of the application and the desired balance between data integrity, performance, and storage utilization."
Explain the differences between clustered and non-clustered indexes in a database. Provide examples of situations where each type is beneficial?,"CLUSTERED INDEX	NON-CLUSTERED INDEX
A clustered index is faster.	A non-clustered index is slower.
The clustered index requires less memory for operations.	A non-Clustered index requires more memory for operations.
In a clustered index, the clustered index is the main data.	In the Non-Clustered index, the index is the copy of data.
A table can have only one clustered index.	A table can have multiple non-clustered indexes.
The clustered index has the inherent ability to store data on the disk.	A non-Clustered index does not have the inherent ability to store data on the disk.
Clustered index store pointers to block not data.	The non-clustered index stores both the value and a pointer to the actual row that holds the data
In Clustered index leaf nodes are actual data itself.	In Non-Clustered index leaf nodes are not the actual data itself rather they only contain included columns.
In a Clustered index, Clustered key defines the order of data within a table.	In a Non-Clustered index, the index key defines the order of data within the index.
A Clustered index is a type of index in which table records are physically reordered to match the index.	A Non-Clustered index is a special type of index in which the logical order of the index does not match the physical stored order of the rows on the disk.
The size of The primary clustered index is large.	The size of the non-clustered index is compared relativelyThe composite is smaller.
Primary Keys of the table by default are clustered indexes.	The composite key when used with unique constraints of the table act as the non-clustered index.

Clustered and non-clustered indexes are two types of indexes used in relational databases to improve data retrieval performance. They differ in their structure, implementation, and usage scenarios.
Clustered Index:
A clustered index is a special type of index that physically orders the data rows in a table based on the index key values. It maintains a direct mapping between the index key values and the corresponding data pages, allowing for efficient data retrieval and range queries.
Benefits of Clustered Indexes:
â€¢	Efficient Data Retrieval: Clustered indexes provide the fastest access to data for queries that involve filtering or sorting based on the index key columns.
â€¢	Range Queries: Clustered indexes are particularly efficient for range queries, as they allow the database to quickly identify the range of data pages to scan.
â€¢	Reduced Disk I/O: Clustered indexes can reduce disk I/O operations by minimizing the number of page reads required to retrieve data.
Examples of Clustered Index Usage:
â€¢	Primary Key Columns: Clustered indexes are often created on primary key columns, as these columns are frequently used in query conditions.
â€¢	Frequently Queried Columns: Clustered indexes can be beneficial for columns that are frequently used in filtering or sorting operations.
â€¢	Data Warehouses: Clustered indexes are commonly used in data warehouses, where large datasets require efficient data retrieval.
Non-Clustered Index:
A non-clustered index is a separate data structure that maintains a mapping between the index key values and the corresponding row locators. It does not physically order the data rows in the table. Instead, it provides a pointer to the actual data location within the table's pages.
Benefits of Non-Clustered Indexes:
â€¢	Multiple Indexes: A table can have multiple non-clustered indexes, allowing for efficient data retrieval based on different criteria.
â€¢	Non-Key Columns: Non-clustered indexes can be created on non-key columns, providing flexibility in query optimization.
â€¢	Reduced Data Access: Non-clustered indexes can reduce the amount of data that needs to be accessed during query execution.
Examples of Non-Clustered Index Usage:
â€¢	Foreign Key Columns: Non-clustered indexes are often created on foreign key columns to facilitate efficient joins between tables.
â€¢	Selective Indexes: Non-clustered indexes can be effective for selective indexes, which identify a small subset of rows relevant to the query.
â€¢	Secondary Queries: Non-clustered indexes can be used for secondary queries that involve filtering or sorting on columns that are not part of the clustered index.
In summary, clustered indexes are primarily used for efficient data retrieval and range queries, while non-clustered indexes provide flexibility for multiple indexes, non-key columns, and secondary queries. The choice between clustered and non-clustered indexes depends on the specific query patterns and performance requirements of the application."
"What is the role of stored procedures in SQL, and how do they enhance the maintainability and security of database operations?","Stored procedures are precompiled SQL statements that are stored in a database and can be executed as a single unit. They play a crucial role in enhancing the maintainability and security of database operations.
So if you have an SQL query that you write over and over again, save it as a stored procedure, and then just call it to execute it.
You can also pass parameters to a stored procedure, so that the stored procedure can act based on the parameter value(s) that is passed.
CREATE PROCEDURE procedure_name
AS
sql_statement
GO;
EXEC procedure_name;
The following SQL statement creates a stored procedure named ""SelectAllCustomers"" that selects all records from the ""Customers"" table:
CREATE PROCEDURE SelectAllCustomers
AS
SELECT * FROM Customers
GO;
EXEC SelectAllCustomers;
Maintainability:
â€¢	Encapsulation of Logic: Stored procedures encapsulate complex SQL logic into reusable modules, making it easier to manage and maintain code.
â€¢	Reduced Code Duplication: By storing procedures centrally, redundant code can be eliminated, reducing the overall codebase size and complexity.
â€¢	Modular Development: Stored procedures promote modularity by breaking down complex tasks into smaller, more manageable modules.
â€¢	Standardized Execution: Stored procedures ensure consistent execution of database operations, reducing the risk of errors and maintaining data integrity.
â€¢	Documentation: Stored procedures serve as self-documenting code, providing clear explanations of the logic they encapsulate.
Security:
â€¢	Parameterization: Stored procedures can use input parameters, allowing for secure data handling and preventing SQL injection vulnerabilities.
â€¢	Access Control: Stored procedures can be granted specific privileges, restricting access to sensitive data and operations.
â€¢	Centralized Control: Stored procedures provide centralized control over database operations, reducing the risk of unauthorized access.
â€¢	Auditability: Stored procedure execution can be logged and audited, providing a trail for security investigations.
â€¢	Code Obfuscation: Stored procedures can be obfuscated, making it difficult for unauthorized users to understand their logic.
In summary, stored procedures offer significant benefits for maintainability and security in database management. By encapsulating logic, reducing code duplication, promoting modularity, ensuring standardized execution, and providing self-documentation, stored procedures enhance maintainability. Additionally, they offer parameterization, access control, centralized control, auditability, and code obfuscation to strengthen database security."
Define stored procedures in SQL. How are they useful in database management systems?,same as above
"Define a database trigger and elaborate on its various applications, including auditing and data validation. Provide a scenario where a trigger is essential.","A database trigger is a stored procedure that automatically executes in response to a specific event occurring in a database. Events that can trigger a trigger include inserting, updating, or deleting data in a table or view. Triggers are powerful tools for enforcing data integrity, maintaining consistency, and automating tasks in a database system.
Applications of Database Triggers:
â€¢	Auditing: Triggers can be used to log and audit database changes, tracking who made the changes, what was changed, and when the changes occurred. This audit trail is crucial for maintaining data integrity and accountability.
â€¢	Data Validation: Triggers can enforce data integrity rules and constraints, ensuring that only valid data is entered into the database. They can check for data types, ranges, and relationships between data elements.
â€¢	Data Synchronization: Triggers can be used to synchronize data between multiple tables, ensuring that data is consistent across different parts of the database. This is particularly useful for maintaining foreign key relationships and referential integrity.
â€¢	Business Logic Automation: Triggers can automate business logic and processes that are triggered by database events. For example, a trigger can be used to send an email notification when a new order is placed or to generate a report when a certain sales threshold is reached.
Scenario where a trigger is essential:
Consider an e-commerce database where customers can place orders for products. To maintain data integrity and ensure accurate order fulfillment, several triggers can be implemented:
1.	Order Validation Trigger: Before an order is placed, a trigger can validate the customer's information, product availability, and sufficient stock levels. If any validation fails, the order is not processed, and an error message is displayed to the customer.
2.	Inventory Update Trigger: After an order is placed, a trigger can update inventory levels for the ordered products. This ensures that the system reflects the accurate availability of products and prevents overselling.
3.	Order Confirmation Trigger: Upon successful order placement, a trigger can generate and send an order confirmation email to the customer. This provides the customer with a record of their order and promotes transparency.
4.	Shipping Notification Trigger: Once an order is shipped, a trigger can send a shipping notification email to the customer, informing them of the tracking information and expected delivery date. This enhances customer satisfaction and keeps them informed of order status.
5.	Order History Trigger: As orders are completed, a trigger can automatically archive order details into a separate historical table for analysis and record-keeping. This maintains historical data for future reference and reporting purposes."
"What is a database trigger, and how can it be used to enforce data integrity and automate actions in a database?","same as above

Enforcing Data Integrity
Data integrity refers to the accuracy and consistency of data in a database. Triggers can play a crucial role in enforcing data integrity by ensuring that only valid data is entered into the database and that data relationships are maintained.
â€¢	Data Validation: Triggers can be used to validate data before it is inserted or updated. For instance, a trigger can check the data type, range, and format of input values to ensure they adhere to the defined constraints.
â€¢	Referential Integrity: Triggers can enforce referential integrity by maintaining consistent relationships between tables. For example, when a record is deleted from a parent table, a trigger can automatically delete corresponding records from related child tables.
â€¢	Data Consistency: Triggers can maintain data consistency by automatically updating related data whenever changes occur to a specific record. This helps to ensure that data across different tables is synchronized and remains consistent.
Automating Actions
Triggers can automate various actions in response to database events, streamlining database operations and reducing manual intervention.
â€¢	Notifications: Triggers can be used to send notifications when events occur, such as sending an email notification when a new customer record is created or when a stock level reaches a specified threshold.
â€¢	Audit Logging: Triggers can automatically log database changes, creating an audit trail that tracks who made the changes, what was changed, and when the changes occurred.
â€¢	Data Transformation: Triggers can perform data transformations before or after database events, such as converting data formats, calculating values, or generating reports.
â€¢	Business Logic Implementation: Triggers can encapsulate and execute business logic in response to database events, automating business processes and reducing the need for custom application code.
Example Scenario
Consider a database that manages customer orders and inventory levels. Triggers can be implemented to enforce data integrity, automate actions, and streamline order processing:
1.	Order Validation Trigger: A trigger can validate order details before an order is placed, checking for customer information, product availability, and sufficient stock levels.
2.	Inventory Update Trigger: Upon order confirmation, a trigger can automatically update inventory levels for the ordered products, ensuring accurate stock management.
3.	Order Confirmation Email Trigger: A trigger can send an order confirmation email to the customer, providing them with order details and an estimated delivery date.
4.	Shipping Notification Trigger: Once an order is shipped, a trigger can send a shipping notification email to the customer, informing them of the tracking information and expected delivery date.
5.	Inventory Reorder Trigger: When inventory levels for a product fall below a certain threshold, a trigger can initiate a reorder process to replenish stock.
These triggers demonstrate how triggers can automate tasks, maintain data integrity, and enhance customer experience in a database management system."
"Describe the concept of a materialized view in a database, and explain the advantages of using them. Provide a real-world scenario where a materialized view can significantly improve query performance.","A materialized view is a duplicate data table created by combining data from multiple existing tables for faster data retrieval. For example, consider a retail application with two base tables for customer and product data. The customer table contains information like the customerâ€™s name and contact details, while the product table contains information about product details and cost. The customer table only stores the product IDs of the items an individual customer purchases. You have to cross-reference both tables to obtain product details of items purchased by specific customers. Instead, you can create a materialized view that stores customer names and the associated product details in a single temporary table. You can build index structures on the materialized view for improved data read performance.

Materialized views work by precomputing and storing the results of a specific query as a physical table in the database. The database performs the precomputation at regular intervals, or users can trigger it by specific events. Administrators monitor the performance and resource utilization of materialized views to ensure they continue to meet their intended purpose.
What are the benefits of materialized views?
Materialized views are a fast and efficient method of accessing relevant data. They help with query optimization in data-intensive applications. We go through some of the major benefits next.
Speed
Read queries scan through different tables and rows of data to gather the necessary information. With materialized views, you can query data directly from your new view instead of having to compute new information every time. The more complex your query is, the more time you will save using a materialized view.
Data storage simplicity 
Materialized views allow you to consolidate complex query logic in one table. This makes data transformations and code maintenance easier for developers. It can also help make complex queries more manageable. You can also use data subsetting to decrease the amount of data you need to replicate in the view.
Consistency
Materialized views provide a consistent view of data captured at a specific moment. You can configure read consistency in materialized views and make data accessible even in multi-user environments where concurrency control is essential.
Materialized views also  provide data access even if the source data changes or is deleted. Over time, this means that you can use materialized views to report on time-based data snapshots. The level of isolation from source tables ensures that you have a greater degree of consistency across your data. 
Improved access control
You can use a materialized view to control who has access to specific data. You can filter information for users without giving them access to the source tables. This approach is practical if you want to control who has access to what data and how much of it they can see and interact with.
What are the use cases of materialized views?
You can benefit from materialized views in many different scenarios. 
Distribute filtered data
If you need to distribute recent data across many locations, like for a remote workforce, materialized views help. You replicate and distribute data to many sites using materialized views. The people needing access to data interact with the replicated data store closest to them geographically.
This system allows for concurrency and decreases network load. Itâ€™s an effective approach with read-only databases.
Analyze time series data
Materialized views provide timestamped snapshots of datasets, so you can model information changes over time. You can store precomputed aggregations of data, like monthly or weekly summaries. These uses are helpful for business intelligence and reporting platforms. 
Remote data interaction
In distributed database systems, you can use materialized views to optimize queries involving data from remote servers. Rather than repeatedly fetching data from a remote source, you can fetch and store data in a local materialized view. This reduces the need for network communication and improving performance.
For example, if you receive data from an external database or through an API, a materialized view consolidates and helps process it. 
Periodic batch processing
Materialized views are helpful for situations where periodic batch processing is required. For instance, a financial institution might use materialized views to store end-of-day balances and interest calculations. Or they might store portfolio performance summaries, which can be refreshed at the end of each business day."
"Explain the concept of a materialized view in a database. How is it different from a regular view, and in what scenarios would you use it?","VIEW
It is a logical and virtual copy of a table that is created by executing a â€˜select queryâ€™ statement.

This result isnâ€™t stored anywhere on the disk.

Hence, every time, a query needs to be executed when certain data is needed.

This way, the most recently updated data would be available from the tables.

The tuple/result of the query doesnâ€™t get stored.

Instead, the query expression is stored on the disk.

The query expression is stored, due to which the last updated data is obtained.

They donâ€™t have a storage/update cost associated with it.

They are designed with a specific architecture.

This means there is a SQL standard to define a view.

They are used when data has to be accessed infrequently, but data gets updated frequently.

MATERIALIZED VIEW
It is a logical and virtual copy of data.

It is the result of a â€˜select queryâ€™, given that the query is stored in the table or disk.

The query expression and the resultant tuple are stored on the disk.

The query expression isnâ€™t executed every time the user tries to fetch data.

This means, the user doesnâ€™t get the most recently updated values of a table in the database.

It has a storage and update cost associated with it.

They are designed with a generic architecture, hence there is no SQL standard to define it.

Its functionality is provided by certain databases as an extension.

It is used when data has to be accessed frequently but the data in the table isnâ€™t updated frequently.

In relational databases, a view is a temporary table created by transforming and combining the data across multiple base tables. Itâ€™s a virtual table that does not store any data itself. Instead, itâ€™s defined by a query against one or more source tables.
Whenever a user queries the view, the database engine dynamically computes the results by running the underlying query against the source tables. The data in a view is always up-to-date because itâ€™s derived directly from the source tables each time itâ€™s accessed.
A materialized view, on the other hand, stores the results of a specific query as a physical table in the database. The data in the materialized view is precomputed and stored, meaning that the results are already available without the need to recompute the query each time the view is accessed.
However, the data in materialized views is not always up-to-date. You have to configure the update frequency to balance between data freshness and query performance."
Define user-defined functions in SQL. Provide an example of a function and explain its purpose.,"A user-defined function (UDF) lets you create a function by using a SQL expression or JavaScript code. A UDF accepts columns of input, performs actions on the input, and returns the result of those actions as a value.
You can define UDFs as either persistent or temporary. You can reuse persistent UDFs across multiple queries, while temporary UDFs only exist in the scope of a single query.
To create a UDF, use the CREATE FUNCTION statement. To delete a persistent user-defined function, use the DROP FUNCTION statement. Temporary UDFs expire as soon as the query finishes. The DROP FUNCTION statement is only supported for temporary UDFs in multi-statement queries and procedures.
Benefits of user-defined functions
Why use user-defined functions (UDFs)?
â€¢	Encapsulation and code reusability You can create the function once, store it in the database, and call it any number of times in your program. User-defined functions can be modified independently of the program source code
â€¢	Modularization and Abstraction: UDFs provide modularity by breaking down complex operations into smaller, manageable functions. This improves code organization, readability, and maintainability.
â€¢	Extending SQL Functionality: UDFs enable you to extend the functionality of SQL by adding custom functions that are not built-in to the language. This allows you to cater to specific needs and requirements of your application.
â€¢	Faster execution. Similar to stored procedures, Transact-SQL user-defined functions reduce the compilation cost of Transact-SQL code by caching the plans and reusing them for repeated executions. This means the user-defined function doesn't need to be reparsed and reoptimized with each use resulting in much faster execution times.
â€¢	Performance Optimization: In some cases, UDFs can optimize query performance by pre-computing results or performing calculations that are expensive to perform within SQL queries directly.
CLR functions offer significant performance advantage over Transact-SQL functions for computational tasks, string manipulation, and business logic. Transact-SQL functions are better suited for data-access intensive logic.
â€¢	Reduce network traffic. An operation that filters data based on some complex constraint that can't be expressed in a single scalar expression can be expressed as a function. The function can then be invoked in the WHERE clause to reduce the number of rows sent to the client.
Example of a User-Defined Function:
Consider a scenario where you need to calculate the absolute value of a numerical value in a SQL table. Instead of embedding the absolute value calculation directly into every query, you can create a UDF named absolute_value to handle this task.
SQL
CREATE FUNCTION absolute_value(number DECIMAL(10,2))
RETURNS DECIMAL(10,2)
AS
BEGIN
    IF number >= 0 THEN
        RETURN number;
    ELSE
        RETURN -number;
    END IF;
END;
With this UDF in place, you can now use it in your SQL queries to calculate the absolute value of any numerical value:
SQL
SELECT product_id, product_name, absolute_value(product_price)
FROM products;

This query retrieves the product ID, product name, and the absolute value of the product price for each product in the 'products' table. The UDF absolute_value is used to calculate the absolute value of the product price, providing a clean and reusable solution for handling absolute values."
Differentiate between scalar functions and table-valued functions in SQL. Offer an example of each type of function and clarify their purposes.,"Scalar functions
Scalar functions are functions that return a single value of a specific data type. They can be built-in, such as GETDATE(), LEN(), or UPPER(), or user-defined, such as dbo.GetEmployeeName(@ID). They are the most common type of function in SQL and are used to perform a variety of operations, such as mathematical calculations, data formatting, and string manipulation. Scalar functions take zero or more input parameters and return a single value of the same data type as the function itself. Scalar functions can be used in expressions, assignments, conditions, or calculations. However, scalar functions have some drawbacks: they are executed for each row of the result set, they prevent parallelism, and they can cause hidden conversions or errors.
Example of a Scalar Function:
Consider a function named calculate_discount that takes a product price and a discount percentage as input parameters and returns the discounted price.
SQL
CREATE FUNCTION calculate_discount(product_price DECIMAL(10,2), discount_percentage DECIMAL(2,2))
RETURNS DECIMAL(10,2)
AS
BEGIN
    RETURN product_price * (1 - discount_percentage/100);
END;

This function can be used in SQL queries to calculate the discounted price for each product in a table.
SQL
SELECT product_id, product_name, product_price, calculate_discount(product_price, 10) AS discounted_price
FROM products;

This query retrieves the product ID, product name, product price, and the discounted price for each product in the products table. The calculate_discount scalar function is used to calculate the discounted price, providing a concise and reusable solution for calculating product discounts.


Table-valued functions
Table-valued functions are functions that return the result set in the form of a table. hey are used to encapsulate complex data transformations or data access logic that would otherwise require multiple queries and joins. TVFs can take input parameters and return a table with multiple columns and rows. They can be inline or multi-statement. Inline table-valued functions are similar to views, as they consist of a single SELECT statement that defines the columns and rows of the table. Multi-statement table-valued functions are more complex, as they use variables, logic, and multiple statements to populate a table variable and return it. Table-valued functions can be used as sources of data, such as in joins, subqueries, or APPLY operators.
Example of a Table-Valued Function:
Consider a function named get_customer_orders that takes a customer ID as input parameter and returns a table containing all the orders placed by that customer.
SQL
CREATE FUNCTION get_customer_orders(customer_id INT)
RETURNS TABLE
AS
BEGIN
    SELECT order_id, order_date, order_status
    FROM orders
    WHERE customer_id = customer_id;
END;

This function can be used in SQL queries to retrieve all the orders for a specific customer.
SQL
SELECT *
FROM get_customer_orders(100);

This query retrieves all the orders for the customer with customer ID 100. The get_customer_orders TVF encapsulates the logic of retrieving customer orders, simplifying the query and making it more reusable.
Scalar functions and TVFs serve distinct purposes in SQL:
Scalar Functions:
â€¢	Perform mathematical calculations, data formatting, and string manipulation.
â€¢	Encapsulate simple data transformations.
â€¢	Improve query readability and maintainability.
Table-Valued Functions:
â€¢	Handle complex data transformations or data access logic.
â€¢	Break down complex queries into smaller, manageable units.
â€¢	Enhance query performance for frequently accessed data subsets."
"Explore the MongoDB Aggregation Framework in detail, highlighting its stages and their functions. Discuss the benefits of using the aggregation framework for data processing in MongoDB.","the MongoDB Aggregation Framework is a powerful tool for performing data processing tasks on MongoDB documents. It provides a flexible and efficient way to transform and analyze data within the database. The aggregation framework is based on the concept of a pipeline, where data is passed through a sequence of stages to achieve the desired result. The aggregation pipeline consists of stages and each stage transforms the document. Or in other words, the aggregation pipeline is a multi-stage pipeline, so in each state, the documents taken as input and produce the resultant set of documents now in the next stage(id available) the resultant documents taken as input and produce output, this process is going on till the last stage. The basic pipeline stages provide filters that will perform like queries and the document transformation modifies the resultant document and the other pipeline provides tools for grouping and sorting documents. You can also use the aggregation pipeline in sharded collection.
Stages in the Aggregation Framework:
1.	$match:
â€¢	Filters documents based on specified criteria.
â€¢	Similar to the find method but used at the beginning of the aggregation pipeline.
2.	$project:
â€¢	Reshapes documents by including, excluding, or renaming fields.
â€¢	Can create new fields and compute expressions.
3.	$group:
â€¢	Groups documents based on specified keys.
â€¢	Performs aggregate functions on grouped data (e.g., sum, average).
4.	$sort:
â€¢	Orders the documents based on specified fields and sorting order.
5.	$skip and $limit:
â€¢	Skips a specified number of documents or limits the number of documents in the output.
6.	$unwind:
â€¢	Deconstructs an array field from the input documents and outputs one document for each element.
7.	$lookup:
â€¢	Performs a left outer join to another collection in the same database.
8.	$addFields:
â€¢	Adds new fields to documents with specified values or expressions.
9.	$replaceRoot:
â€¢	Replaces the existing document with the specified document.
10.	$out:
â€¢	Writes the results of the aggregation pipeline to a specified collection.
Benefits of using the Aggregation Framework:
1.	Performance:
â€¢	Aggregation is performed within the database, reducing the need to transfer large datasets to the client for processing.
2.	Flexibility:
â€¢	Provides a wide range of stages that can be combined in different ways to perform complex data transformations.
3.	Expressiveness:
â€¢	Supports expressive and readable syntax, making it easier to write and understand complex queries.
4.	Scalability:
â€¢	Takes advantage of MongoDB's parallel processing capabilities, making it suitable for large datasets.
5.	Integration:
â€¢	Seamlessly integrates with other MongoDB features and query language.
6.	Real-time Data Processing:
â€¢	Enables real-time data processing and analysis, allowing for up-to-date insights.
7.	Reusable Code:
â€¢	Aggregation pipelines can be saved and reused, promoting code modularity and efficiency.
8.	Server-side Processing:
â€¢	Reduces the amount of data transferred between the server and client by performing computations directly on the server."
Describe the MongoDB Aggregation Framework and its key components. How does it differ from traditional SQL query operations?,"Key Components of the MongoDB Aggregation Framework:
1.	Pipeline:
â€¢	A series of data processing stages, where each stage transforms the documents as they pass through. Each stage is a JSON object in an array, defining an operation to be performed.
2.	Stages:
â€¢	Individual operations within the aggregation pipeline. Each stage performs a specific transformation on the data, such as filtering, grouping, projecting, sorting, and more.
3.	Expressions:
â€¢	Expressions are used to compute values during the aggregation process. They can be simple field references or more complex arithmetic and logical expressions.
4.	Operators:
â€¢	Special symbols or keywords used in expressions to perform specific operations. Examples include arithmetic operators, comparison operators, and array operators.
5.	Aggregation Functions:
â€¢	Functions that perform operations on groups of documents. Common aggregation functions include $sum, $avg, $min, $max, and $push.
6.	Aggregation Pipeline Operators:
â€¢	Operators used to manipulate and shape data within the aggregation pipeline. Examples include $match, $project, $group, $sort, $limit, and $unwind.

Differences from Traditional SQL Query Operations:
Data Model:

MongoDB is a NoSQL database with a flexible, schema-less document model. The Aggregation Framework operates on documents within collections, while traditional SQL works with tables and rows.
Schema:

MongoDB does not enforce a fixed schema, allowing documents in the same collection to have different fields. SQL databases typically have a rigid, predefined schema.
Joins:

MongoDB Aggregation Framework provides the $lookup stage for performing left outer joins between collections. In SQL, joins are commonly used to combine data from multiple tables.
Flexibility:

The Aggregation Framework is highly flexible, allowing for complex transformations and computations within the database. SQL queries may require additional processing on the client side.
Expressiveness:

MongoDB Aggregation Framework uses a declarative and expressive syntax in the form of a pipeline. SQL queries are often more procedural and involve writing explicit join conditions and subqueries.
Scalability:

MongoDB is designed to scale horizontally by sharding data across multiple servers. The Aggregation Framework can take advantage of parallel processing, making it suitable for large datasets. Traditional SQL databases may face scalability challenges.
Real-time Processing:
The Aggregation Framework enables real-time data processing within the database. SQL queries may involve fetching large datasets to the client for processing, which can be less efficient."
Create a MongoDB aggregation pipeline to find the highest and lowest salaries for employees in a collection. Include appropriate labels for the results.,"To find the highest and lowest salaries for employees in a MongoDB collection, you can use the Aggregation Framework with the $group stage to calculate the maximum and minimum salaries. Here's an example pipeline:

db.employees.aggregate([
  {
    $group: {
      _id: null,
      highestSalary: { $max: ""$salary"" },
      lowestSalary: { $min: ""$salary"" }
    }
  },
  {
    $project: {
      _id: 0,
      highestSalary: 1,
      lowestSalary: 1
    }
  }
]);


Explanation of each stage:

$group:

Groups all documents as there is no specific grouping criteria (_id: null).
Calculates the maximum salary using $max and stores it in the field highestSalary.
Calculates the minimum salary using $min and stores it in the field lowestSalary.

$project:

Projects only the desired fields to include in the final result.
Excludes the default _id field and includes highestSalary and lowestSalary.
This pipeline will output a single document with the highest and lowest salaries:
{
  ""highestSalary"": 100000,
  ""lowestSalary"": 50000
}"
"Provide an example of a MongoDB aggregation pipeline that demonstrates grouping, sorting, and projecting data.","db.products.aggregate([
  // Group products by category
  {
    $group: {
      _id: ""$category"",
      averagePrice: { $avg: ""$price"" },
      totalProducts: { $count: {} }
    }
  },

  // Sort the results by average price in descending order
  {
    $sort: { averagePrice: -1 }
  },

  // Project only the category, average price, and total products
  {
    $project: {
      category: ""$_id"",
      averagePrice: ""$averagePrice"",
      totalProducts: ""$totalProducts""
    }
  }
])

This aggregation pipeline first groups the products by category using the $group stage. Within the $group stage, it calculates the average price of products within each category using the $avg operator and the total number of products in each category using the $count operator.
Next, the $sort stage sorts the results by average price in descending order, showing the categories with the highest average prices first.
Finally, the $project stage projects only the category, average price, and total products, removing any unnecessary fields from the output.
This aggregation pipeline demonstrates how to group, sort, and project data in MongoDB using the Aggregation Framework. It provides a concise and powerful way to analyze and extract meaningful insights from data."
Define the concept of functional dependencies in database normalization. Explain how functional dependencies are used to determine candidate keys.,"Functional dependencies are a concept within the field of database normalization, specifically in the context of relational databases. They describe the relationships between attributes (columns) in a relation (table) and help ensure that a database is well-organized, minimizing redundancy and anomalies.
Functional Dependency:
In a relational database, a functional dependency is a relationship between two sets of attributes in a relation. More formally, if changing the value of one attribute uniquely determines the value of another attribute, we say there is a functional dependency between them.
For example, if we have a relation R(A, B, C) where B is functionally dependent on A (denoted as A â†’ B), it means that for every value of A, there is a unique corresponding value of B.
Candidate Keys:
A candidate key for a relation is a minimal set of attributes that can uniquely identify each tuple (row) in the relation. In other words, it is a set of attributes such that no subset of these attributes can uniquely identify the tuples.
Functional dependencies play a crucial role in determining candidate keys. If we have a set of attributes (let's call it X) that functionally determines another attribute (Y), then X is a superkey. A candidate key is a superkey from which we cannot remove any attributes and still have uniqueness.
Here's how functional dependencies are used to determine candidate keys:
1.	Closure of Attributes:
â€¢	Determine the closure of a set of attributes by applying all possible functional dependencies to that set. The closure of an attribute set represents all the attributes that can be functionally determined by that set.
2.	Minimal Superkeys:
â€¢	Identify the minimal superkeys by removing attributes from the closure until further removal results in a loss of uniqueness. These minimal superkeys are potential candidate keys.
3.	Remove Redundancies:
â€¢	If there are multiple candidate keys, compare them and remove any redundant keys. A redundant key is one that can be expressed as a combination of other candidate keys.
4.	Final Candidate Keys:
â€¢	The remaining set of non-redundant candidate keys represents the minimal set of attributes needed to uniquely identify each tuple in the relation.
Example:
Let's consider a relation R(A, B, C, D) with functional dependencies:
â€¢	A â†’ B
â€¢	B, C â†’ D
â€¢	D â†’ A
Here, {A, B} and {D} are minimal superkeys, but only {A, B} is a candidate key as removing any attribute from it would result in a loss of uniqueness.
In summary, functional dependencies help in identifying the closure of attribute sets, which, in turn, assists in determining minimal superkeys and candidate keys for a relation in the process of database normalization."
Discuss the factors that influence the choice between a clustered and non-clustered index in a database. Provide specific use cases for each type of index.,above done already
Explain the role of database views in SQL. Provide an example of a view and describe a scenario where using a view is advantageous.,"Role of Database Views in SQL:
A database view in SQL is a virtual table that is based on the result of a SELECT query. It does not store the data itself but provides a way to represent the result of a query as if it were a table. Views can be used to simplify complex queries, abstract the underlying data structure, and control access to specific columns or rows.

Key Aspects of Database Views:
Abstraction:

Views allow users to abstract the complexity of underlying tables. Instead of dealing with multiple joins and complex queries, users can interact with the view as if it were a single table.
Security:

Views can be used to control access to certain columns or rows. Users may have permission to access a view without having direct access to the underlying tables.
Simplicity:

Views can simplify query logic by encapsulating complex operations or joins. This promotes code reusability and readability.
Aggregation:

Views can be used to aggregate data, making it easier to obtain summary information without directly querying the base tables.
Column Renaming:

Views allow for the renaming of columns, providing a more user-friendly interface to the data.
Example of a Database View:
Let's consider a scenario where you have two tables, orders and customers, and you want to create a view that combines information from both tables to show order details with customer names.

CREATE VIEW OrderDetails AS
SELECT
    o.OrderID,
    o.OrderDate,
    c.CustomerName,
    o.TotalAmount
FROM
    orders o
    JOIN customers c ON o.CustomerID = c.CustomerID;
In this example, the OrderDetails view combines data from the orders and customers tables, presenting a unified and simplified perspective.

Scenario Where Using a View is Advantageous:
Imagine a situation where you have a database with sensitive information such as salary details, but you want to provide a view that only exposes non-sensitive information like employee names and department. Instead of granting direct access to the underlying salary table, you can create a view to control and limit the information exposed:

CREATE VIEW EmployeeInfo AS
SELECT
    EmployeeID,
    EmployeeName,
    Department
FROM
    SalaryInformation;
Now, users can query the EmployeeInfo view without directly accessing the sensitive SalaryInformation table. This helps in maintaining data security and privacy.

In summary, database views in SQL offer a way to abstract, simplify, and secure access to data by providing a virtual representation of the results of a query. They are advantageous in scenarios where data abstraction, security, and simplified query interfaces are desired."
Explain the purpose and benefits of database constraints in ensuring data integrity. Provide examples of common constraints used in relational databases.,"Database constraints play a crucial role in ensuring data integrity within a relational database. Data integrity refers to the accuracy, consistency, and reliability of data stored in a database. Constraints are rules or conditions that are applied to columns or tables to maintain the quality and validity of the data. They help prevent the entry of inconsistent, invalid, or inaccurate data, ultimately enhancing the reliability and usefulness of the database.

Benefits of Database Constraints:
Data Accuracy:

Constraints ensure that the data entered into a database conforms to predefined rules, reducing the likelihood of errors and inaccuracies.
Consistency:

Constraints maintain consistency by enforcing relationships and rules between tables, preventing conflicting or contradictory data.
Data Quality:

By restricting the types and values of data that can be inserted or updated, constraints contribute to the overall quality of the data stored in the database.
Prevention of Orphaned Records:

Foreign key constraints help maintain referential integrity by preventing the creation of orphaned records (records without a corresponding reference in another table).
Security:

Constraints can enhance data security by restricting certain operations, preventing unauthorized users from modifying or deleting critical data.
Ease of Maintenance:

Constraints simplify database maintenance by automating data validation and reducing the need for manual error checking and correction.
Improved Performance:

Well-defined constraints can lead to better execution plans for queries, resulting in improved database performance.
Examples of Common Constraints in Relational Databases:
Primary Key Constraint:

Ensures that each row in a table is uniquely identified. No two rows can have the same primary key value.

CREATE TABLE Employees (
    EmployeeID INT PRIMARY KEY,
    EmployeeName VARCHAR(50),
    ...
);
Foreign Key Constraint:

Establishes a link between two tables by ensuring that values in a specified column of one table match the values in a primary key column of another table.

CREATE TABLE Orders (
    OrderID INT PRIMARY KEY,
    CustomerID INT,
    FOREIGN KEY (CustomerID) REFERENCES Customers(CustomerID)
);
Unique Constraint:

Ensures that all values in a specified column are unique.

CREATE TABLE Students (
    StudentID INT UNIQUE,
    StudentName VARCHAR(50),
    ...
);
Check Constraint:

Enforces a condition on the values allowed in a column.

CREATE TABLE Products (
    ProductID INT,
    QuantityInStock INT,
    CHECK (QuantityInStock >= 0)
);
Not Null Constraint:

Ensures that a column cannot contain NULL values.

CREATE TABLE Customers (
    CustomerID INT PRIMARY KEY,
    CustomerName VARCHAR(50) NOT NULL,
    ...
);
In summary, database constraints are essential for maintaining data integrity by enforcing rules and relationships within a relational database. They contribute to data accuracy, consistency, and overall quality, making the database a reliable and trustworthy source of information."
Describe the purpose and characteristics of NoSQL databases. Provide examples of NoSQL database types and explain when it's appropriate to use them in data storage and retrieval.,"NoSQL databases, also known as non-relational databases, are a diverse group of database systems that store and manage data differently than traditional relational databases (RDBMS). Unlike RDBMS, which adhere to a rigid schema with normalized data, NoSQL databases offer flexibility and scalability, making them suitable for handling large volumes of unstructured or semi-structured data.
Purpose of NoSQL Databases
NoSQL databases are designed to address the limitations of RDBMS in handling modern data requirements, particularly for applications dealing with vast amounts of unstructured or semi-structured data. They offer several advantages over RDBMS, including:
1.	Scalability: NoSQL databases are horizontally scalable, meaning they can distribute data across multiple nodes, enabling seamless scaling to accommodate increasing data volumes and user demands.
2.	Flexibility: NoSQL databases provide flexible data models, such as document-oriented, key-value, graph, and columnar, allowing them to store a wide range of data formats without rigid schema constraints.
3.	Performance: NoSQL databases are often optimized for performance, particularly for read-heavy workloads, making them suitable for applications that require high throughput and low latency.
Types of NoSQL Databases
1.	Document-oriented databases: These databases store data in JSON-like documents, allowing for flexible data structures and nesting. Examples include MongoDB and CouchDB.
2.	Key-value databases: These databases store data as key-value pairs, offering fast retrieval based on unique keys. Examples include Redis and Riak.
3.	Graph databases: These databases store data as a network of interconnected nodes and edges, representing relationships between entities. Examples include Neo4j and OrientDB.
4.	Columnar databases: These databases store data in columns, allowing for efficient data compression and filtering. Examples include Cassandra and HBase.
When to Use NoSQL Databases
NoSQL databases are well-suited for scenarios where:
1.	Scalability is a primary concern: NoSQL databases can handle large volumes of data without significant performance degradation.
2.	Data is unstructured or semi-structured: NoSQL databases can store and manage unstructured or semi-structured data effectively.
3.	Schema flexibility is required: NoSQL databases allow for dynamic data models, adapting to changing data requirements.
4.	Performance is critical: NoSQL databases often offer faster query performance, particularly for read-heavy workloads.
5.	Consistency trade-offs are acceptable: NoSQL databases may offer eventual or causal consistency, which is less strict than ACID compliance in RDBMS.
Examples of NoSQL Database Applications:
1.	Social media platforms: Store user profiles, posts, and interactions in a flexible and scalable manner.
2.	E-commerce platforms: Manage product catalogs, user profiles, and order data efficiently.
3.	Real-time analytics platforms: Process and analyze large volumes of streaming data for real-time insights.
4.	Mobile and IoT applications: Store and manage unstructured data from user interactions, sensor readings, and device logs.
5.	Content management systems: Handle unstructured content such as blog posts, images, and videos."
"What is the primary purpose of a database management system (DBMS), and how does it differ from a traditional file system for data storage?","A Database Management System (DBMS) is a software system that is designed to manage and organize data in a structured manner. It allows users to create, modify, and query a database, as well as manage the security and access controls for that database.
The primary purpose of a Database Management System (DBMS) is to efficiently and securely manage and organize data. A DBMS serves as an interface between the application programs and the physical data storage. It provides a set of tools and services to create, retrieve, update, and manage data in a structured and organized manner. The key objectives of a DBMS include:
1.	Data Abstraction:
â€¢	The DBMS abstracts the underlying complexities of data storage, providing a logical view of the data to users and applications.
2.	Data Integrity:
â€¢	Ensures the accuracy and consistency of data by enforcing constraints, relationships, and validation rules.
3.	Data Security:
â€¢	Implements access control mechanisms to restrict unauthorized access to data and ensure data confidentiality.
4.	Concurrency Control:
â€¢	Manages concurrent access to the database by multiple users or applications, preventing conflicts and ensuring data consistency.
5.	Data Independence:
â€¢	Provides independence between the physical storage structure and the logical representation of data, allowing changes in one without affecting the other.
6.	Data Retrieval and Query Processing:
â€¢	Offers query languages (e.g., SQL) and optimization techniques to efficiently retrieve and process data based on user requirements.
7.	Data Recovery:
â€¢	Implements mechanisms for backup and recovery to safeguard data against loss or corruption.
Differences from a Traditional File System:
1.	Data Structure:
â€¢	File System: Data is organized into files and directories, typically with a hierarchical structure.
â€¢	DBMS: Data is organized into tables, rows, and columns, following a relational or non-relational model.
2.	Data Relationships:
â€¢	File System: Limited support for defining and maintaining relationships between pieces of data.
â€¢	DBMS: Supports the establishment of relationships between tables through keys, enforcing referential integrity.
3.	Data Redundancy:
â€¢	File System: May result in data redundancy as the same information may be stored in multiple files.
â€¢	DBMS: Minimizes redundancy through normalization techniques, reducing the risk of inconsistencies.
4.	Data Access and Retrieval:
â€¢	File System: Requires custom code for data access, and retrieval may involve reading entire files.
â€¢	DBMS: Provides a query language (e.g., SQL) for simplified and efficient data access and retrieval.
5.	Concurrency and Transaction Management:
â€¢	File System: Limited support for handling concurrent access and ensuring transaction consistency.
â€¢	DBMS: Implements sophisticated concurrency control and transaction management mechanisms.
6.	Data Integrity and Constraints:
â€¢	File System: Lacks built-in mechanisms for enforcing data integrity and constraints.
â€¢	DBMS: Enforces data integrity through constraints, reducing the likelihood of erroneous or inconsistent data.
7.	Scalability:
â€¢	File System: May face challenges in scaling for large volumes of data or concurrent access.
â€¢	DBMS: Designed to scale efficiently, handling large datasets and providing mechanisms for horizontal and vertical scaling.
In summary, while a traditional file system is suitable for basic storage and retrieval of files, a DBMS provides a more structured, efficient, and secure approach to manage and organize data, especially in scenarios where data relationships, integrity, and complex queries are essential."
